Auteur,last_name,first_name
Bravi Soledad,Bravi,Soledad
Brière Haquet Alice,Brière,Haquet Alice
Van Zeveren Michel,Van,Zeveren Michel
Crozon Alain,Crozon,Alain
Chedru Delphine,Chedru,Delphine
Collectif,Collectif,
Mbodj Souleymane,Mbodj,Souleymane
Cassabois Jacques,Cassabois,Jacques
Uzunoglu Adelheid,Uzunoglu,Adelheid
Grousset Alain,Grousset,Alain
Mounié Didier,Mounié,Didier
Fromental Jean-Luc,Fromental,Jean-Luc
Sellier Marie,Sellier,Marie
Orizet Jean,Orizet,Jean
Renault Jean,Renault,Jean
Rachmuhl Françoise,Rachmuhl,Françoise
Giraud Robert,Giraud,Robert
Beamri R,Beamri,R
Coppin Brigitte,Coppin,Brigitte
Muzi Jean,Muzi,Jean
Douzou Olivier,Douzou,Olivier
Carter David A.,Carter,David A.
Fox Mem,Fox,Mem
Piquemal Michel,Piquemal,Michel
Solet Bertrand,Solet,Bertrand
Dedieu Thierry,Dedieu,Thierry
Barrier Perceval,Barrier,Perceval
Letuffe Anne,Letuffe,Anne
Boyer Cécile,Boyer,Cécile
Bloch Muriel,Bloch,Muriel
Jalbert Philippe,Jalbert,Philippe
Rettich Maget et Ralph,Rettich,Maget et Ralph
Pomme d'api,Pomme,d'api
Buson,Buson,
Touquet Marie,Touquet,Marie
Grimm Jacob et Wilhelm,Grimm,Jacob et Wilhelm
Kimura Ken,Kimura,Ken
Ponti Claude,Ponti,Claude
Haughton Chris,Haughton,Chris
Browne Anthony,Browne,Anthony
Gutman claude,Gutman,claude
Chaty Guy,Chaty,Guy
Friot Bernard,Friot,Bernard
Bonbon Cécile,Bonbon,Cécile
Siméon Jean Pierre,Siméon,Jean Pierre
Schubiger Jürg,Schubiger,Jürg
Perrin Clotilde,Perrin,Clotilde
Favret Hafida,Favret,Hafida
Grosléziat Chantal,Grosléziat,Chantal
Jean Georges,Jean,Georges
Sara,Sara,
Jun Takabataka,Jun,Takabataka
Le Touzé Anne Isabelle,Le,Touzé Anne Isabelle
Khoury-Ghata Vénus,Khoury-Ghata,Vénus
Louchard Antonin,Louchard,Antonin
James Simon,James,Simon
Devernois Elsa,Devernois,Elsa
Coat Anik,Coat,Anik
Beigel Christine,Beigel,Christine
Galeron Henri,Galeron,Henri
Moniz Madalena,Moniz,Madalena
Feiffer Jules,Feiffer,Jules
Kogjan Grégoire,Kogjan,Grégoire
Boutros Al-maari,Boutros,Al-maari
Laurent Nathalie,Laurent,Nathalie
Houdart Emmanuelle,Houdart,Emmanuelle
Adam Olivier,Adam,Olivier
Gravel Elise,Gravel,Elise
Ungerer Tomi,Ungerer,Tomi
Guyennon Duchêne Claudie,Guyennon,Duchêne Claudie
Chaud Benjamin,Chaud,Benjamin
Corenblit Rachel,Corenblit,Rachel
Cali Davide,Cali,Davide
Rodari Gianni,Rodari,Gianni
Corentin Philippe,Corentin,Philippe
Jean Didier,Jean,Didier
Goffin Josse,Goffin,Josse
Duras Marguerite,Duras,Marguerite
Serres Alain,Serres,Alain
Vatinel Pascal,Vatinel,Pascal
Morgan,Morgan,
Guilloppé Antoine,Guilloppé,Antoine
Norac Carl,Norac,Carl
Bruel Christian,Bruel,Christian
CRILJ,CRILJ,
Van der Linden Sophie,Van,der Linden Sophie
Fred L,Fred,L
Carroll Lewis,Carroll,Lewis
Willis Jeanne,Willis,Jeanne
Crowther Kitty,Crowther,Kitty
Gourounas Jean,Gourounas,Jean
Bourre Martine,Bourre,Martine
Sadeler Joël,Sadeler,Joël
Bernard Cécile,Bernard,Cécile
Pacovska Kveta,Pacovska,Kveta
Rosensthiel Agnès,Rosensthiel,Agnès
Brami Elisabeth,Brami,Elisabeth
Roman Ghislaine,Roman,Ghislaine
Lacombe Benjamin,Lacombe,Benjamin
Krings Anton,Krings,Anton
Raschka Chris,Raschka,Chris
Seyvos Florence,Seyvos,Florence
Rascal,Rascal,
Moriceau,Moriceau,
Ben Kemoun Hubert,Ben,Kemoun Hubert
Taïeb el Alj Ahmed,Taïeb,el Alj Ahmed
Chraïbi Driss,Chraïbi,Driss
Bauer Jutta,Bauer,Jutta
Ducos Max,Ducos,Max
Boucher Michel,Boucher,Michel
Vaugelade Anaïs,Vaugelade,Anaïs
Miège-Simansky Denise,Miège-Simansky,Denise
Hédelin Pascale,Hédelin,Pascale
Lacet Yvonne,Lacet,Yvonne
Le Hir Marion,Le,Hir Marion
Paoloni Sonia,Paoloni,Sonia
Cathrine Arnaud,Cathrine,Arnaud
Conrad Paul,Conrad,Paul
Escoffier Michaël,Escoffier,Michaël
Browne Anthony et Joe,Browne,Anthony et Joe
Solotareff Grégoire,Solotareff,Grégoire
Könnecke Ole,Könnecke,Ole
Fondation Zakoura,Fondation,Zakoura
Charmeux Evelyne,Charmeux,Evelyne
Boujon Claude,Boujon,Claude
Bouchard André,Bouchard,André
Fastier Yann,Fastier,Yann
Carle Eric,Carle,Eric
Montardre Hélène,Montardre,Hélène
Hall Kirsten,Hall,Kirsten
Jonas Anne,Jonas,Anne
Silverstein Shel,Silverstein,Shel
Troïanowski Johan,Troïanowski,Johan
Queneau Raymond,Queneau,Raymond
Mari Iela,Mari,Iela
Vincensini Paul,Vincensini,Paul
Girardet Sylvie,Girardet,Sylvie
Mau Olivier,Mau,Olivier
Harcourt Claire d',Harcourt,Claire d'
Coste Nadia,Coste,Nadia
Zenzius Pierre,Zenzius,Pierre
Lévy Didier,Lévy,Didier
Dutruc-Rosset Florence,Dutruc-Rosset,Florence
Ashbé Jeanne,Ashbé,Jeanne
Chic Suzy,Chic,Suzy
Garralon Claire,Garralon,Claire
Mathis Jean-Marc,Mathis,Jean-Marc
Bruley Marie-Claire,Bruley,Marie-Claire
Roxbee Cox Phil,Roxbee,Cox Phil
Salvi Manuela,Salvi,Manuela
Lejonc Régis,Lejonc,Régis
Chedid Andrée,Chedid,Andrée
Meunier Henri,Meunier,Henri
Delye Pierre,Delye,Pierre
Albert Adrien,Albert,Adrien
Hugo Victor,Hugo,Victor
Rathman Peggy,Rathman,Peggy
Poussier Audrey,Poussier,Audrey
Ramos Mario,Ramos,Mario
Tanaka Béatrice,Tanaka,Béatrice
Agopian Annie,Agopian,Annie
Varley Susan,Varley,Susan
Eeckhout Emmanuelle,Eeckhout,Emmanuelle
Ramadier,Ramadier,
Lewis Jean-Patrick,Lewis,Jean-Patrick
Cadot Colin Anne-Marie,Cadot,Colin Anne-Marie
Bourgeau Vincent,Bourgeau,Vincent
Van Hout Mies,Van,Hout Mies
Doray Malika,Doray,Malika
Van der Hout Mies,Van,der Hout Mies
Horowitz Anthony,Horowitz,Anthony
Pinson Zaza,Pinson,Zaza
Sadat Mandana,Sadat,Mandana
Mollet Charlotte,Mollet,Charlotte
Jadoul Emile,Jadoul,Emile
Paris Hugues,Paris,Hugues
Pommaux Yvan,Pommaux,Yvan
Chérer Sophie,Chérer,Sophie
Minhos Martins Isabel,Minhos,Martins Isabel
Godeau Vincent,Godeau,Vincent
Cristina Henriqueta,Cristina,Henriqueta
Cone Bryant Sara,Cone,Bryant Sara
Kerloch' Jean Pierre,Kerloch',Jean Pierre
Twain Mark,Twain,Mark
Ocelot Michel,Ocelot,Michel
Banks Kate,Banks,Kate
Aceval Nora,Aceval,Nora
Thomas Valérie,Thomas,Valérie
Surget Alain,Surget,Alain
Le Clézio JMG,Le,Clézio JMG
Mourlevat Jean Claude,Mourlevat,Jean Claude
Yeh Chun-Liang,Yeh,Chun-Liang
Clément Claude,Clément,Claude
Pennart Geoffroy de,Pennart,Geoffroy de
John Jory,John,Jory
Dellamarre Bellego V,Dellamarre,Bellego V
Promeyrat Coline,Promeyrat,Coline
Prévert Jacques,Prévert,Jacques
Blake Quentin,Blake,Quentin
Lecointre Jean,Lecointre,Jean
Baer Julien,Baer,Julien
Van Laan Nancy,Van,Laan Nancy
Ellwand David,Ellwand,David
Kang Hye-sook,Kang,Hye-sook
Dumont Jean-François,Dumont,Jean-François
Waddell Martin,Waddell,Martin
Leprince de Beaumont,Leprince,de Beaumont
Pef,Pef,
Lecaye Alexis,Lecaye,Alexis
David Gauthier,David,Gauthier
David François,David,François
Elzbieta,Elzbieta,
Deacon Alexis,Deacon,Alexis
Frier Raphaële,Frier,Raphaële
Barroux,Barroux,
Cantais Claire,Cantais,Claire
Nottet Pascal,Nottet,Pascal
Chen Chih-Yuan,Chen,Chih-Yuan
Gouichoux René,Gouichoux,René
Valckx Catharina,Valckx,Catharina
Ahlberg Janet et Allan,Ahlberg,Janet et Allan
Hoban Tana,Hoban,Tana
Perrault Charles,Perrault,Charles
Grimm Jakob et Willhelm,Grimm,Jakob et Willhelm
Kasano Yuchi,Kasano,Yuchi
Marais Frédéric,Marais,Frédéric
Le Saux Alain,Le,Saux Alain
Lear Edward,Lear,Edward
Kuo Fifi,Kuo,Fifi
Crausaz Anne,Crausaz,Anne
Monari Manuela,Monari,Manuela
Fort Paul,Fort,Paul
Morgenstern Susie,Morgenstern,Susie
Géhin Elisa,Géhin,Elisa
Berner Rotraut Suzanne,Berner,Rotraut Suzanne
Dwell Studio,Dwell,Studio
Ginsburg Mirra,Ginsburg,Mirra
Hutchins Pat,Hutchins,Pat
Hirsching Nicolas de,Hirsching,Nicolas de
Emberley Ed,Emberley,Ed
Hill Eric,Hill,Eric
Grenier Christian,Grenier,Christian
Lenain Thierry,Lenain,Thierry
Scotto Thomas,Scotto,Thomas
Weninger Brigitte,Weninger,Brigitte
Cissé Mamadou,Cissé,Mamadou
Valentin Elsa,Valentin,Elsa
Hahn Cyril,Hahn,Cyril
"Matéo Pepito, Bigot Gigi",Matéo,Pepito  Bigot Gigi
Parot Annelore,Parot,Annelore
Celli Rose,Celli,Rose
Servant Stéphane,Servant,Stéphane
Soutif François,Soutif,François
Folika,Folika,
Jalibert Maria,Jalibert,Maria
Victor Sylvain,Victor,Sylvain
Courgeon Rémi,Courgeon,Rémi
Herbauts Anne,Herbauts,Anne
Martin Bill,Martin,Bill
Bataille Marion,Bataille,Marion
Zarcate Catherine,Zarcate,Catherine
Veille Eric,Veille,Eric
Silei Fabrizio,Silei,Fabrizio
Herbreteau Gaston,Herbreteau,Gaston
Diallo Boubacar,Diallo,Boubacar
Manceau Edouard,Manceau,Edouard
Coat Janik,Coat,Janik
Henry Jean-Marie,Henry,Jean-Marie
Zemach Margot,Zemach,Margot
Blake Stéphanie,Blake,Stéphanie
Dreyfuss Corinne,Dreyfuss,Corinne
Cousins Lucy,Cousins,Lucy
Goossens Philippe,Goossens,Philippe
Latyk Olivier,Latyk,Olivier
Denolle Christel,Denolle,Christel
Adams Pam,Adams,Pam
Monloubou Claire,Monloubou,Claire
Konaté Moussa,Konaté,Moussa
Loyer Anne,Loyer,Anne
Grave Marie-Eve de,Grave,Marie-Eve de
Cvach Milos,Cvach,Milos
Gay Michel,Gay,Michel
Stehr Frédéric,Stehr,Frédéric
Yonezu Yusuke,Yonezu,Yusuke
Kochka,Kochka,
Voltz Christian,Voltz,Christian
Brunet Bénédicte,Brunet,Bénédicte
Mélisou Marie,Mélisou,Marie
Van Genechten Guido,Van,Genechten Guido
Nakamura Junko,Nakamura,Junko
Klassen Jon,Klassen,Jon
Ribeyron Samuel,Ribeyron,Samuel
Willems Mo,Willems,Mo
Andersen Hans Christian,Andersen,Hans Christian
Carlain Noé,Carlain,Noé
Grégoire Caroline,Grégoire,Caroline
Khaldi-Bonnaud Ahmed,Khaldi-Bonnaud,Ahmed
Turin Joëlle,Turin,Joëlle
Bisinski Pierrick,Bisinski,Pierrick
Lexau Joan,Lexau,Joan
Dorléans Marie,Dorléans,Marie
Pittau Francesco,Pittau,Francesco
Lestrade Agnès de,Lestrade,Agnès de
Giordano Philip,Giordano,Philip
Bizouerne Gilles,Bizouerne,Gilles
Tallec Olivier,Tallec,Olivier
Brisou Pellen Evelyne,Brisou,Pellen Evelyne
Dexet Hector,Dexet,Hector
Smith Lane,Smith,Lane
Zolotow Charlotte,Zolotow,Charlotte
Le Craver Jean Louis,Le,Craver Jean Louis
Cumont Louise-Marie,Cumont,Louise-Marie
Césaire Aimé,Césaire,Aimé
Sheldon Dyan,Sheldon,Dyan
Gudule,Gudule,
Malte Marcus,Malte,Marcus
Nadja,Nadja,
Fuentes Roland,Fuentes,Roland
Cousseau Alex,Cousseau,Alex
Rosen Michael,Rosen,Michael
Angeli May,Angeli,May
Kimiko,Kimiko,
Dr Seuss,Dr,Seuss
Pianina Vincent,Pianina,Vincent
Poe Edgar,Poe,Edgar
Cortey Anne,Cortey,Anne
Simonsen Michèle,Simonsen,Michèle
Tsarfati Einat,Tsarfati,Einat
Longour Michèle,Longour,Michèle
Fersen Thomas,Fersen,Thomas
Quatromme France,Quatromme,France
Duval Elisabeth,Duval,Elisabeth
Chazerand Emilie,Chazerand,Emilie
Gravett Emily,Gravett,Emily
Gabriel Pierre,Gabriel,Pierre
Kiffer Christine,Kiffer,Christine
Davies Stephen,Davies,Stephen
Grindley Sally,Grindley,Sally
Bertrand Frédérique,Bertrand,Frédérique
Cadier Morgane de,Cadier,Morgane de
Minfong Ho,Minfong,Ho
Painset Marie-France,Painset,Marie-France
Alemagna Béatrice,Alemagna,Béatrice
Tullet Hervé,Tullet,Hervé
Griffon A,Griffon,A
Bricout Bernadette,Bricout,Bernadette
Devos Lydia,Devos,Lydia
Monfreid Dorothée de,Monfreid,Dorothée de
Nicolas Christophe,Nicolas,Christophe
Guérif Andy,Guérif,Andy
Wlodarczyk Isabelle,Wlodarczyk,Isabelle
Dorin Philippe,Dorin,Philippe
Chabas Jean-François,Chabas,Jean-François
Mélano Olivier,Mélano,Olivier
Morin Patrick,Morin,Patrick
Daniau Marc,Daniau,Marc
Shulevitz Uri,Shulevitz,Uri
Vidal Séverine,Vidal,Séverine
Kipling Rudyard,Kipling,Rudyard
Fehr Daniel,Fehr,Daniel
Vivardi Liuna,Vivardi,Liuna
Cosneau Olivia,Cosneau,Olivia
Pereira Marjolaine,Pereira,Marjolaine
Dé Claire,Dé,Claire
Tardieu Jean,Tardieu,Jean
Havard Christian,Havard,Christian
Coran Pierre,Coran,Pierre
Dumas Philippe,Dumas,Philippe
Yzac Adeline,Yzac,Adeline
Lü Yuan,Lü,Yuan
Cevin Evelyne,Cevin,Evelyne
Ionesco Eugène,Ionesco,Eugène
Gaussel Alain,Gaussel,Alain
Belhalfaoui Hamou,Belhalfaoui,Hamou
Gougaud Henri,Gougaud,Henri
Féron Romano José,Féron,Romano José
Causse Rolande,Causse,Rolande
Gendrin Catherine,Gendrin,Catherine
Gripari Pierre,Gripari,Pierre
Cadier Florence,Cadier,Florence
Musa Hassan,Musa,Hassan
Condominas Baptiste,Condominas,Baptiste
Laporte Michel,Laporte,Michel
Guillaume Olive,Guillaume,Olive
Darwiche Jihad,Darwiche,Jihad
Delpeuch Régis,Delpeuch,Régis
"Bryan, Muzi, Knappert",Bryan,  Muzi  Knappert
Faraggi Anne W.,Faraggi,Anne W.
Sternberg Jacques,Sternberg,Jacques
Mayo Margaret,Mayo,Margaret
Descamps Dominique,Descamps,Dominique
Mezquita Roberto,Mezquita,Roberto
Bertrand Pierre,Bertrand,Pierre
UG Philippe,UG,Philippe
Allancé Mireille d',Allancé,Mireille d'
Brun Cosme Nadine,Brun,Cosme Nadine
Torres Cimarusti Marie,Torres,Cimarusti Marie
Kérillis Hélène,Kérillis,Hélène
Gil Isabelle,Gil,Isabelle
Dahl Roald,Dahl,Roald
Schädlich Hans Joachim,Schädlich,Hans Joachim
Barthélémy Mimi,Barthélémy,Mimi
Craipeau Jean-Loup,Craipeau,Jean-Loup
Marie et Joseph,Marie,et Joseph
London Jack,London,Jack
Roubaud Jacques,Roubaud,Jacques
Nickl Peter,Nickl,Peter
Sendak Maurice,Sendak,Maurice
Bouteloup Philippe,Bouteloup,Philippe
"Kochka, d'après Andersen",Kochka,  d'après Andersen
Grimm Jakob et Wilhelm,Grimm,Jakob et Wilhelm
Kunhardt Dorothy,Kunhardt,Dorothy
Boisrobert et Rigaud,Boisrobert,et Rigaud
Perreault Mélanie,Perreault,Mélanie
Grosz Pierre,Grosz,Pierre
Massini Anaïs,Massini,Anaïs
Tamarin Annette,Tamarin,Annette
Marceau Fani,Marceau,Fani
Roumiguière Cécile,Roumiguière,Cécile
Martin Simon,Martin,Simon
Alline Christophe,Alline,Christophe
Eluard Paul,Eluard,Paul
Mbaye Ndaak Babacar,Mbaye,Ndaak Babacar
Bauer Marion Dane,Bauer,Marion Dane
Tawa Kouam,Tawa,Kouam
Holzwarth Werner,Holzwarth,Werner
Gunzig Thomas,Gunzig,Thomas
Teckentrup Britta,Teckentrup,Britta
Defourny Michel,Defourny,Michel
Baronian Jean-Baptiste,Baronian,Jean-Baptiste
Ramstein Anne-Margot,Ramstein,Anne-Margot
Sanders Alex,Sanders,Alex
Costes Olivier,Costes,Olivier
Perrin Julien,Perrin,Julien
Gendre Nathalie,Gendre,Nathalie
Leblanc Catherine,Leblanc,Catherine
Claveloux Nicole,Claveloux,Nicole
Weiss Anne,Weiss,Anne
Poslaniec Christian,Poslaniec,Christian
Rateau Dominique,Rateau,Dominique
Cathalo Georges,Cathalo,Georges
Bachelet Gilles,Bachelet,Gilles
Detamlbel Régine,Detamlbel,Régine
Nadaud Claire,Nadaud,Claire
Dubost Louis,Dubost,Louis
Simler Isabelle,Simler,Isabelle
Vian Boris,Vian,Boris
Carminati Chiara,Carminati,Chiara
Bertier Anne,Bertier,Anne
Pochard Mireille,Pochard,Mireille
Lacor Agnès,Lacor,Agnès
Scelles Millie J,Scelles,Millie J
Wormell Chris,Wormell,Chris
Kowarsky Didier,Kowarsky,Didier
Leo Patrice,Leo,Patrice
Kerloc'h Jean-Pierre,Kerloc'h,Jean-Pierre
Major Lenia,Major,Lenia
Dubuc Marianne,Dubuc,Marianne
Laâbi Jocelyne,Laâbi,Jocelyne
Mac Bratney Sam,Mac,Bratney Sam
Muller Gerda,Muller,Gerda
Armellini Chiara,Armellini,Chiara
Dang Khoa Tran,Dang,Khoa Tran
Sall Mamadou,Sall,Mamadou
Green Ilya,Green,Ilya
Roland Claudine,Roland,Claudine
Barton Byron,Barton,Byron
Malineau Jean Hugues,Malineau,Jean Hugues
M Serres Alain,M,Serres Alain
Gutleben Muriel,Gutleben,Muriel
Frasson-Cochet Agathe,Frasson-Cochet,Agathe
Tixier Jean Christophe,Tixier,Jean Christophe
Brown Ruth,Brown,Ruth
Erlbruch Wolf,Erlbruch,Wolf
Cognet Lilas,Cognet,Lilas
Brunelet Madeleine,Brunelet,Madeleine
Lilienthal Henri,Lilienthal,Henri
Villard Marc,Villard,Marc
Kitzing Constanze,Kitzing,Constanze
Leynaud Johan,Leynaud,Johan
Vignal Hélène,Vignal,Hélène
Yeoman John,Yeoman,John
Soupault Philippe et Ré,Soupault,Philippe et Ré
Ivanovitch Lair Albena,Ivanovitch,Lair Albena
Delval Marie Hélène,Delval,Marie Hélène
Joly Fanny,Joly,Fanny
Legrand Marie,Legrand,Marie
Jandl Ernst,Jandl,Ernst
Steig William,Steig,William
Mathis,Mathis,
Guillbaud Luce,Guillbaud,Luce
Marsol Manuel,Marsol,Manuel
Tenor Arthur,Tenor,Arthur
Burningham John,Burningham,John
Knowles Sheena,Knowles,Sheena
Proeng Pich,Proeng,Pich
Kebrety Maryam,Kebrety,Maryam
Rutten Mélanie,Rutten,Mélanie
Leroy Hélène,Leroy,Hélène
Mac Kee David,Mac,Kee David
Petit Michèle,Petit,Michèle
Cuvellier Vincent,Cuvellier,Vincent
Yolen Jane,Yolen,Jane
Tae-Jun Lee,Tae-Jun,Lee
Clément Claire,Clément,Claire
Brulet Gilles,Brulet,Gilles
Vast Emilie,Vast,Emilie
Gellé Albane,Gellé,Albane
Hakim Miloud,Hakim,Miloud
Davies Benji,Davies,Benji
Roy Claude,Roy,Claude
Du Faÿ Sabine,Du,Faÿ Sabine
Bruley M. C./Tourn Lya,Bruley,M. C./Tourn Lya
Kiko,Kiko,
Sénégas Stéphane,Sénégas,Stéphane
Battut Eric,Battut,Eric
Vincent Gabrielle,Vincent,Gabrielle
Joie par les livres,Joie,par les livres
Obin Manfeï,Obin,Manfeï
Nadaus Roland,Nadaus,Roland
Maubille Jean,Maubille,Jean
Pfeiffer Virginie,Pfeiffer,Virginie
Collectif enfants,Collectif,enfants
Stella Gaia,Stella,Gaia
Hole Stian,Hole,Stian
Van der Zee Ruth,Van,der Zee Ruth
Pennac Daniel,Pennac,Daniel
Fontenaille Elise,Fontenaille,Elise
Lobel Arnold,Lobel,Arnold
Poirot-Chérif Sandra,Poirot-Chérif,Sandra
Slater Dashka,Slater,Dashka
Pintus Eric,Pintus,Eric
Ohmura Tomoko,Ohmura,Tomoko
Iwamura Kazuo,Iwamura,Kazuo
Dubray Anne-Thérèse,Dubray,Anne-Thérèse
Minne Brigitte,Minne,Brigitte
Lacasa Gomez Bianca,Lacasa,Gomez Bianca
Desplat-Duc Anne-Marie,Desplat-Duc,Anne-Marie
Bessard Sylvie,Bessard,Sylvie
Szac Murielle,Szac,Murielle
Joire Françoise,Joire,Françoise
Place François,Place,François
Goble Paul,Goble,Paul
Pelot Dylan,Pelot,Dylan
McDermott Gerald,McDermott,Gerald
Leroy Jean,Leroy,Jean
Bertron Martin Agnès,Bertron,Martin Agnès
Fugier Laurence,Fugier,Laurence
Verdelet-Lamare Annie,Verdelet-Lamare,Annie
Heurté Yves,Heurté,Yves
Godard Alex,Godard,Alex
Mounier Fabienne,Mounier,Fabienne
Stehr Gérald,Stehr,Gérald
Lionni Leo,Lionni,Leo
Doremus Gaëtan,Doremus,Gaëtan
Baret Idatte Corinne,Baret,Idatte Corinne
Nicodème Béatrice,Nicodème,Béatrice
Ouyessad Myriam,Ouyessad,Myriam
Lang Suzanne,Lang,Suzanne
Chen Jiang Hong,Chen,Jiang Hong
Strasser Susanne,Strasser,Susanne
Hoestlandt Jo,Hoestlandt,Jo
Greef Sabine de,Greef,Sabine de
Hudrisier Cécile,Hudrisier,Cécile
Noguès Jean-Côme,Noguès,Jean-Côme
Hikmet Hazim,Hikmet,Hazim
Bonnet,Bonnet,
Amrouche Taos,Amrouche,Taos
Astolfi Claire,Astolfi,Claire
Lechermeier Philippe,Lechermeier,Philippe
Orsenna Erik,Orsenna,Erik
Fontanel Béatrice,Fontanel,Béatrice
Le Gall Loïc,Le,Gall Loïc
Epin Bernard,Epin,Bernard
Graves Robert,Graves,Robert
Bernard Fred,Bernard,Fred
Kubler Laurence,Kubler,Laurence
Balpe Anne Gaëlle,Balpe,Anne Gaëlle
Parlange Adrien,Parlange,Adrien
Zoboli Giovanna,Zoboli,Giovanna
Gastaut Charlotte,Gastaut,Charlotte
Bernstein Galia,Bernstein,Galia
Colombet Julie,Colombet,Julie
Rossi Annie,Rossi,Annie
Massenot Véronique,Massenot,Véronique
Elias Jean,Elias,Jean
Brown Ken,Brown,Ken
Van de Velden Edward,Van,de Velden Edward
Durand Jean Benoit,Durand,Jean Benoit
Vidal Francine,Vidal,Francine
Timmers Leo,Timmers,Leo
Tolstoï Alexis,Tolstoï,Alexis
Muzo,Muzo,
Guillevic,Guillevic,
Swift Jonathan,Swift,Jonathan
Collectif écoliers haïtiens,Collectif,écoliers haïtiens
Cros Charles,Cros,Charles
Lhomme Sandrine,Lhomme,Sandrine
Levine Ellen,Levine,Ellen
Laffon Martine,Laffon,Martine
Bailly Maître Marie Astrid,Bailly,Maître Marie Astrid
Charlip Rémy,Charlip,Rémy
Brunhoff Jean de,Brunhoff,Jean de
Diament Nic,Diament,Nic
Munari Bruno,Munari,Bruno
Baltscheit Martin,Baltscheit,Martin
Labourdique Jacques,Labourdique,Jacques
Ben Soussan Patrick,Ben,Soussan Patrick
Cameron Ann,Cameron,Ann
Farilli Elena,Farilli,Elena
Deneux Xavier,Deneux,Xavier
Heitz Bruno,Heitz,Bruno
Domergue Agnès,Domergue,Agnès
Dorémus Gaétan,Dorémus,Gaétan
Barrett Judi,Barrett,Judi
Go Hyejin,Go,Hyejin
Riddell Chris,Riddell,Chris
Mayer Mercer,Mayer,Mercer
Trouillot Evelyne,Trouillot,Evelyne
Salisbury Martin,Salisbury,Martin
Neeman Sylvie,Neeman,Sylvie
Lorant-Jolly Annick,Lorant-Jolly,Annick
Joffre Véronique,Joffre,Véronique
Attiogbé Magali,Attiogbé,Magali
Estellon Pascale,Estellon,Pascale
Becker Aaron,Becker,Aaron
Uman Jennifer/Vidal V.,Uman,Jennifer/Vidal V.
Ruel Adeline,Ruel,Adeline
Nières-Chevrel Isabelle,Nières-Chevrel,Isabelle
Burgaud Pierre Dominique,Burgaud,Pierre Dominique
Mercier Julie,Mercier,Julie
Louzon Camille,Louzon,Camille
Poitras Anique,Poitras,Anique
Chèze Bernard,Chèze,Bernard
Baum Gilles,Baum,Gilles
McKinnon Heidi,McKinnon,Heidi
Mosconi Patrick,Mosconi,Patrick
Thévenet Séverine,Thévenet,Séverine
Marc Solal,Marc,Solal
De Rockere Geert,De,Rockere Geert
Stevenson RL,Stevenson,RL
Mezzalama Chiara,Mezzalama,Chiara
Palluy Christine,Palluy,Christine
Pouyet Marc,Pouyet,Marc
Di Mascio Tony,Di,Mascio Tony
Donnio Sylviane,Donnio,Sylviane
Guettier Bénédicte,Guettier,Bénédicte
Guillotte Eric,Guillotte,Eric
Geffen Yehonatan,Geffen,Yehonatan
Bayar Michèle,Bayar,Michèle
Mazard Claire,Mazard,Claire
Thiès Paul,Thiès,Paul
Havette Servane,Havette,Servane
Ross Tony,Ross,Tony
Moncomble Gérard,Moncomble,Gérard
Misslin Sylvie,Misslin,Sylvie
Baron Marc,Baron,Marc
Musa Patricia,Musa,Patricia
Thiry Marie-Eve,Thiry,Marie-Eve
Gypteau Nadia,Gypteau,Nadia
Valckx Catherine,Valckx,Catherine
Delafosse Claude,Delafosse,Claude
Wagner Jenny,Wagner,Jenny
Sarno Hélène,Sarno,Hélène
Taback Simms,Taback,Simms
Charpentreau Jacques,Charpentreau,Jacques
Diaz Marie,Diaz,Marie
Safirstein Julie,Safirstein,Julie
Hannappe David,Hannappe,David
Kanor Fabienne,Kanor,Fabienne
Fine Anne,Fine,Anne
Wilsdorf Anne,Wilsdorf,Anne
Selena Elena,Selena,Elena
Bialestowski Gérard,Bialestowski,Gérard
Lautru Michel,Lautru,Michel
Ibn el Muqaffa Abdallah,Ibn,el Muqaffa Abdallah
Inkpen Mick,Inkpen,Mick
Lalinon Gbado Béatrice,Lalinon,Gbado Béatrice
Boel Anne Catherine de,Boel,Anne Catherine de
Benjelloun Saïd,Benjelloun,Saïd
O'Byrne Nicola,O'Byrne,Nicola
Delacroix Sibylle,Delacroix,Sibylle
François André,François,André
Nguyên Viet Chung,Nguyên,Viet Chung
Pinfold Levi,Pinfold,Levi
Cherisey Thérèse de,Cherisey,Thérèse de
Clavel Bernard,Clavel,Bernard
Kraus Robert,Kraus,Robert
Lecaye Olga,Lecaye,Olga
Dros Imme,Dros,Imme
Kessler Frédéric,Kessler,Frédéric
Berchoud Bruno,Berchoud,Bruno
Held Jacqueline et Claude,Held,Jacqueline et Claude
Fortier Natali,Fortier,Natali
Pinkey Jerry,Pinkey,Jerry
Chenouf Yvanne,Chenouf,Yvanne
Boulaire Cécile,Boulaire,Cécile
Escarpit Denise,Escarpit,Denise
Claverie Jean,Claverie,Jean
Louis Catherine,Louis,Catherine
Khémir Nacer,Khémir,Nacer
Harrison David,Harrison,David
Duprat Guillaume,Duprat,Guillaume
Berner Rotraut Susanne,Berner,Rotraut Susanne
Bonnafé Marie,Bonnafé,Marie
Buguet Anne,Buguet,Anne
Bernos Clotilde,Bernos,Clotilde
Jaffrennou Yves,Jaffrennou,Yves
La Fontaine,La,Fontaine
Choux Nathalie,Choux,Nathalie
Robillard Jean-Marie,Robillard,Jean-Marie
Picouly Daniel,Picouly,Daniel
S.A.H.G.Y.K.O.D.,S.A.H.G.Y.K.O.D.,
Lenglet Maud,Lenglet,Maud
Khoury Gatha Vénus,Khoury,Gatha Vénus
Mets Alan,Mets,Alan
Audren,Audren,
Hinckel Florence,Hinckel,Florence
Witek Jo,Witek,Jo
Mabanckou Alain,Mabanckou,Alain
Nicolino Fabrice,Nicolino,Fabrice
Janisch Hans,Janisch,Hans
Blanpain Jean-Pierre,Blanpain,Jean-Pierre
Noiret Gérard,Noiret,Gérard
Ichikawa Satomi,Ichikawa,Satomi
Clément Frédéric,Clément,Frédéric
Utton Peter,Utton,Peter
Tashlin Frank,Tashlin,Frank
Moraes Vinicius de,Moraes,Vinicius de
Swanson Susan Marie,Swanson,Susan Marie
Moore Inga,Moore,Inga
Bielinsky Claudia,Bielinsky,Claudia
Joubert Jean,Joubert,Jean
Moeyaert Bart,Moeyaert,Bart
Laugausie Justine de,Laugausie,Justine de
Nivola Claire,Nivola,Claire
Dorémus Gaëtan,Dorémus,Gaëtan
Higgins Ryan T,Higgins,Ryan T
Zidrou,Zidrou,
Jaffé Laura,Jaffé,Laura
Maussion Anne,Maussion,Anne
Bougeault Pascale,Bougeault,Pascale
Carter Noëlle et David,Carter,Noëlle et David
Schneider Christine,Schneider,Christine
Fournier Jacques,Fournier,Jacques
Glondoumé Sika,Glondoumé,Sika
Diallo Mamadou,Diallo,Mamadou
Cauwe Lucie,Cauwe,Lucie
Colmont Marie,Colmont,Marie
Daeninckx Didier,Daeninckx,Didier
Aimé Marcel,Aimé,Marcel
Adriansen Sophie,Adriansen,Sophie
Condominas Laurent,Condominas,Laurent
Rice Hélène,Rice,Hélène
McNeil David,McNeil,David
Watanabe Michio,Watanabe,Michio
Barbarou Lucienne,Barbarou,Lucienne
Perrin Martine,Perrin,Martine
Yagoubi Valérie,Yagoubi,Valérie
Ruiz Olivia,Ruiz,Olivia
Brenman Ilan,Brenman,Ilan
Korkos Alain,Korkos,Alain
Lloyd Sam,Lloyd,Sam
Robberecht Thierry,Robberecht,Thierry
Kalan Robert,Kalan,Robert
Lagerlof Selma,Lagerlof,Selma
Rueda Claudia,Rueda,Claudia
Ovide,Ovide,
Aït Ahmed Salamia,Aït,Ahmed Salamia
Ebohéa Marie Félécité,Ebohéa,Marie Félécité
Watanabe Issa,Watanabe,Issa
Flouw Benjamin,Flouw,Benjamin
Diallo Muriel,Diallo,Muriel
Barman Adrienne,Barman,Adrienne
ARPLE,ARPLE,
Leduc Daniel,Leduc,Daniel
Pang Miguel,Pang,Miguel
Kitamura Satochi,Kitamura,Satochi
Laffon Caroline,Laffon,Caroline
Cantin Marc,Cantin,Marc
Perret Delphine,Perret,Delphine
Chabbert Ingrid,Chabbert,Ingrid
Bahar Sunar Ozge,Bahar,Sunar Ozge
Vernette Véronique,Vernette,Véronique
Titus,Titus,
Rouzé Marina,Rouzé,Marina
Fauliot Pascal,Fauliot,Pascal
Mereu Agata,Mereu,Agata
El Fathi Mickaël,El,Fathi Mickaël
Schwarz Annelies,Schwarz,Annelies
Ka Olivier,Ka,Olivier
Vasconcelos José Mauro de,Vasconcelos,José Mauro de
Wisniewski Gaya,Wisniewski,Gaya
Demasse-Pottier Stéphanie,Demasse-Pottier,Stéphanie
Kasza Keiko,Kasza,Keiko
Wall Fiona,Wall,Fiona
Miyamoto Tadao,Miyamoto,Tadao
Legendre Françoise,Legendre,Françoise
Daufresne Michelle,Daufresne,Michelle
Delecroix Hanieh,Delecroix,Hanieh
Silloray,Silloray,
Zullo Germano,Zullo,Germano
Claudel Philippe,Claudel,Philippe
Wiesner David,Wiesner,David
Cannard Edmée,Cannard,Edmée
Pegorier Saralisa,Pegorier,Saralisa
Gay-Para Praline,Gay-Para,Praline
Bichonnier Henriette,Bichonnier,Henriette
Ayadi Boubakeur,Ayadi,Boubakeur
Propp Vladimir,Propp,Vladimir
Léger-Cresson Nathalie,Léger-Cresson,Nathalie
Boudet Alain,Boudet,Alain
Guenoun Joël,Guenoun,Joël
Lecaye Emmanuel,Lecaye,Emmanuel
Villiot Bernard,Villiot,Bernard
Desnouveaux Florence,Desnouveaux,Florence
Sommerset Mark,Sommerset,Mark
Golan Haji,Golan,Haji
Brouillard Anne,Brouillard,Anne
Kinsa Gabriel,Kinsa,Gabriel
Ben Soussan et collectif,Ben,Soussan et collectif
Maunoury Jean Louis,Maunoury,Jean Louis
Weulersse Odile,Weulersse,Odile
Birant Mehmet Ali,Birant,Mehmet Ali
Charlat Benoît,Charlat,Benoît
Muratet Louis,Muratet,Louis
Leblond Michaël,Leblond,Michaël
Beauvois Delphine,Beauvois,Delphine
Olive Guillaume,Olive,Guillaume
Watt Fiona,Watt,Fiona
Snicket Lemony,Snicket,Lemony
Mandelbaum Pili,Mandelbaum,Pili
Duval Isabelle,Duval,Isabelle
Hellings Colette,Hellings,Colette
Bone Betty,Bone,Betty
Béziat Julien,Béziat,Julien
Aribaud Jean Luc,Aribaud,Jean Luc
Jacques Benoît,Jacques,Benoît
Péghaire Vincent,Péghaire,Vincent
Maudet Mathieu,Maudet,Mathieu
Boisrobert Anouck,Boisrobert,Anouck
Beaude PM. et Arrou-Vignod JP,Beaude,PM. et Arrou-Vignod JP
Sala Felicita,Sala,Felicita
Bianco-Levin Nicolas,Bianco-Levin,Nicolas
Ressouni Demigneux Karim,Ressouni,Demigneux Karim
Dayre Valérie,Dayre,Valérie
Cendrars Blaise,Cendrars,Blaise
Stravinsky Igor,Stravinsky,Igor
Poirot-Cherif Sandra,Poirot-Cherif,Sandra
Bermond Monique,Bermond,Monique
Vincent François,Vincent,François
Roux Julien,Roux,Julien
Falconer Ian,Falconer,Ian
Dunrea Olivier,Dunrea,Olivier
Arrou-Vignod Jean Philippe,Arrou-Vignod,Jean Philippe
Jonquet Thierry,Jonquet,Thierry
Simard Eric,Simard,Eric
Séguy Fabienne,Séguy,Fabienne
Florian Mélanie,Florian,Mélanie
Rayna S Baudelot O,Rayna,S Baudelot O
Norge,Norge,
Bunting E.,Bunting,E.
Doyle Roddy,Doyle,Roddy
Pizzoli Greg,Pizzoli,Greg
Ravishankar A,Ravishankar,A
Corazza Linda,Corazza,Linda
Dupuy Dunier Chantal,Dupuy,Dunier Chantal
Tupera Tupera,Tupera,
Alix Cécile,Alix,Cécile
Yumoto Kazumi,Yumoto,Kazumi
Lavie Oren,Lavie,Oren
Alonso Jose Ramon,Alonso,Jose Ramon
Klausmeier Klaus,Klausmeier,Klaus
Di Giovanni Evans Brooke,Di,Giovanni Evans Brooke
Ovaldé Véronique,Ovaldé,Véronique
Mrzyk et Moriceau,Mrzyk,et Moriceau
Clavel Fabien,Clavel,Fabien
Texier Ophélie,Texier,Ophélie
Allen Nicholas,Allen,Nicholas
Touzeil Jean Claude,Touzeil,Jean Claude
Salinas Veronica,Salinas,Veronica
Le Néouanic Lionel,Le,Néouanic Lionel
Helft Claude,Helft,Claude
Mwankumi Dominique,Mwankumi,Dominique
Desnos Robert,Desnos,Robert
Ninie,Ninie,
Dalrymple Jennifer,Dalrymple,Jennifer
Sanders Louis,Sanders,Louis
Loucou Michel,Loucou,Michel
Dubois CK,Dubois,CK
Robert Nadine,Robert,Nadine
Matéo Pepito,Matéo,Pepito
Monsabert A.-Sophie de,Monsabert,A.-Sophie de
Fournier,Fournier,
Climo Liz,Climo,Liz
Giono Jean,Giono,Jean
Pinguilly Yves,Pinguilly,Yves
Duve Catherine de,Duve,Catherine de
Proust Marcel,Proust,Marcel
Le Saux A. et Solotareff G.,Le,Saux A. et Solotareff G.
Hugo Hector,Hugo,Hector
Kamoun Martine,Kamoun,Martine
Macri Giancarlo,Macri,Giancarlo
Duquennoy Jacques,Duquennoy,Jacques
Falorsi Ilaria,Falorsi,Ilaria
Saint-Exupéry Antoine de,Saint-Exupéry,Antoine de
Verluca Constance,Verluca,Constance
Mirman Anne,Mirman,Anne
Wintrebert Joëlle,Wintrebert,Joëlle
Allemand Sylvie,Allemand,Sylvie
Weaver Jo,Weaver,Jo
Chausson Julia,Chausson,Julia
Carrier Isabelle,Carrier,Isabelle
Grunelius-Hollard Agnès,Grunelius-Hollard,Agnès
Grunelius Hollard,Grunelius,Hollard
Voutch,Voutch,
Corr Christopher,Corr,Christopher
Buteau Gaëlle,Buteau,Gaëlle
Jolibois Christian,Jolibois,Christian
Moüy Iris de,Moüy,Iris de
Wood Don,Wood,Don
Dubé Pierrette,Dubé,Pierrette
Vinet Sofie,Vinet,Sofie
Aladjidi Virginie,Aladjidi,Virginie
Montse Gisbert,Montse,Gisbert
Holmelund Minarik Else,Holmelund,Minarik Else
Dubois Jean-Claude,Dubois,Jean-Claude
Hee-na Baek,Hee-na,Baek
Altan,Altan,
Destours Christine,Destours,Christine
Claire Céline,Claire,Céline
Dubois Claude K.,Dubois,Claude K.
Tolstoï Léon,Tolstoï,Léon
Iwamura Kasuo,Iwamura,Kasuo
Girardet et Merleau-Ponty,Girardet,et Merleau-Ponty
Rogier Françoise,Rogier,Françoise
Pastoureau Michel,Pastoureau,Michel
Oppel Jean-Luc,Oppel,Jean-Luc
Rocard Anne,Rocard,Anne
Jay Françoise,Jay,Françoise
Brisac Geneviève,Brisac,Geneviève
Backès Michel,Backès,Michel
Perez Sébastien,Perez,Sébastien
Bathany Claude,Bathany,Claude
Pinto Deborah,Pinto,Deborah
Henderson Kathy,Henderson,Kathy
Pavlenko Marie,Pavlenko,Marie
Barcilon Marianne,Barcilon,Marianne
Moka,Moka,
Bergèse Paul,Bergèse,Paul
Soletti Pierre,Soletti,Pierre
Hérédia Géraldine,Hérédia,Géraldine
Magnier Bernard,Magnier,Bernard
Mardam-Bey Farouk,Mardam-Bey,Farouk
Arraga de Malherbe Virginia,Arraga,de Malherbe Virginia
Lévêque Valérie,Lévêque,Valérie
Grant Joan,Grant,Joan
Storr Catherine,Storr,Catherine
Badescu Ramona,Badescu,Ramona
Soleil Emilie et Jérôme,Soleil,Emilie et Jérôme
Mari Iela et Enzo,Mari,Iela et Enzo
Sorman Joy,Sorman,Joy
Vissière Sophie,Vissière,Sophie
Escudié René,Escudié,René
Loufane,Loufane,
Coran Pierre et Irène,Coran,Pierre et Irène
Da Silva Christian,Da,Silva Christian
Pierpont Nathalie de,Pierpont,Nathalie de
Hobson Bruce,Hobson,Bruce
Lila Prap,Lila,Prap
"Bonnafé, Cabrero, Delfourny",Bonnafé,  Cabrero  Delfourny
Felix Lucie,Felix,Lucie
Moissard Boris,Moissard,Boris
Chausse Sylvie,Chausse,Sylvie
Benameur Jeanne,Benameur,Jeanne
Chen Jian Hong,Chen,Jian Hong
Curatolo Justine,Curatolo,Justine
La Villefromoit Sophie de,La,Villefromoit Sophie de
Félix Lucie,Félix,Lucie
Delessert Etienne,Delessert,Etienne
Naumann-Villemin Christine,Naumann-Villemin,Christine
Bettelheim Bruno,Bettelheim,Bruno
Bigot Gigi,Bigot,Gigi
Olten Manuela,Olten,Manuela
Ubac Claire,Ubac,Claire
Dek Maria,Dek,Maria
Gréban Quentin,Gréban,Quentin
Bonotaux Gilles,Bonotaux,Gilles
Cabrera Jane,Cabrera,Jane
Morel François,Morel,François
Ruillier Jérôme,Ruillier,Jérôme
Jenkins Steve,Jenkins,Steve
Joslin Sesyle,Joslin,Sesyle
Machado Ana Maria,Machado,Ana Maria
Santini Bertrand,Santini,Bertrand
Gabrielle Vincent,Gabrielle,Vincent
Teyssèdre Fabienne,Teyssèdre,Fabienne
Aubrun Claudine,Aubrun,Claudine
Périgot Joseph,Périgot,Joseph
Gratias Claire,Gratias,Claire
Némo et Jadoul Emile,Némo,et Jadoul Emile
Bresner Lisa,Bresner,Lisa
Kemmeter Philippe de,Kemmeter,Philippe de
Trédez Emmanuel,Trédez,Emmanuel
Besnier Michel,Besnier,Michel
Manfeï Obin,Manfeï,Obin
Daywalt Drew,Daywalt,Drew
Skarmeta Antonio,Skarmeta,Antonio
Alibeu Géraldine,Alibeu,Géraldine
Hayashi Emiri,Hayashi,Emiri
Lucia Scuderi,Lucia,Scuderi
Steff,Steff,
Quintane Nathalie,Quintane,Nathalie
Bickford-Smith Coralie,Bickford-Smith,Coralie
Ducatteau Florence,Ducatteau,Florence
Battault Paule,Battault,Paule
Char René,Char,René
Janikovszky Eva,Janikovszky,Eva
Luciani Jean-Luc,Luciani,Jean-Luc
Brami Elizabeth,Brami,Elizabeth
Sakaï Komako,Sakaï,Komako
Bonniol Magali,Bonniol,Magali
Rimbaud Arthur,Rimbaud,Arthur
"Coran Pierre, d'après Shakespeare",Coran,Pierre  d'après Shakespeare
Turin Adela,Turin,Adela
Sabbagh Clémence,Sabbagh,Clémence
Voigt Marie,Voigt,Marie
Pourquié Bernadette,Pourquié,Bernadette
Cohen-Janca Irène,Cohen-Janca,Irène
Roger Marie Sabine,Roger,Marie Sabine
Blexbolex,Blexbolex,
Issa,Issa,
Cole Babette,Cole,Babette
Dio Mohamed,Dio,Mohamed
Dorin Perrine,Dorin,Perrine
Tzannes,Tzannes,
Mebs Gudrun,Mebs,Gudrun
Sarrazin Jean-Charles,Sarrazin,Jean-Charles
Matsuoka Tatsuhide,Matsuoka,Tatsuhide
Hughes Emily,Hughes,Emily
Aubert Brigitte,Aubert,Brigitte
Todd-Stanton Joe,Todd-Stanton,Joe
Trotereau Anne,Trotereau,Anne
Clayton Junior,Clayton,Junior
Guibert Françoise de,Guibert,Françoise de
Koenig Viviane,Koenig,Viviane
Spier Paul,Spier,Paul
Monnereau Michel,Monnereau,Michel
Larreula Enric,Larreula,Enric
Caylou Véronique,Caylou,Véronique
Stein Mathilde,Stein,Mathilde
Hindenoch Michel,Hindenoch,Michel
Larizza Olivier,Larizza,Olivier
Schickel Emilie,Schickel,Emilie
Japon,Japon,
Bobe Françoise,Bobe,Françoise
Lambersy Werner,Lambersy,Werner
Paris Cécile,Paris,Cécile
Crosbie Duncan,Crosbie,Duncan
Cardon Laurent,Cardon,Laurent
Hoban Kristy Lillian,Hoban,Kristy Lillian
Van de Wendel Edouard,Van,de Wendel Edouard
Pappa Rodoula,Pappa,Rodoula
Herbert Scott Ann,Herbert,Scott Ann
Roman Nadia,Roman,Nadia
Coat Janie,Coat,Janie
Kipling/Chaliand Gérard,Kipling/Chaliand,Gérard
Cobb Rebecca,Cobb,Rebecca
Epanya Christian,Epanya,Christian
Ferrer Nino,Ferrer,Nino
Raisson Gwendoline,Raisson,Gwendoline
Naumann Villemin Christine,Naumann,Villemin Christine
Kerr Judith,Kerr,Judith
Gagnon Nathalie,Gagnon,Nathalie
Lodge Jo,Lodge,Jo
Willer Thérèse,Willer,Thérèse
Armange Xavier,Armange,Xavier
Daladier Nathalie,Daladier,Nathalie
Duda Christian,Duda,Christian
Morrison Toni et Slade,Morrison,Toni et Slade
Elschner Géraldine,Elschner,Géraldine
Wise Brown Margaret,Wise,Brown Margaret
Misraki,Misraki,
Pernaudet Christophe,Pernaudet,Christophe
Agence Quand les livres relient,Agence,Quand les livres relient
Cooke Trish,Cooke,Trish
Legrand Gilbert,Legrand,Gilbert
Colombani Laetitia,Colombani,Laetitia
Santangelo Eugène,Santangelo,Eugène
Lafonta Isabelle,Lafonta,Isabelle
Van Zeveren,Van,Zeveren
Vassallo Rose-Marie,Vassallo,Rose-Marie
Rivoal Marine,Rivoal,Marine
Dufresne Didier,Dufresne,Didier
Oster Christian,Oster,Christian
Pontavice Clémentine de,Pontavice,Clémentine de
Sanchez Virginie,Sanchez,Virginie
Gueyfier Judith,Gueyfier,Judith
Schnitzberger Simon,Schnitzberger,Simon
Galea Claudine,Galea,Claudine
Urial,Urial,
Seeber Dorothea,Seeber,Dorothea
Buzzeo Toni,Buzzeo,Toni
Aubrun Claude,Aubrun,Claude
Benoist Cécile,Benoist,Cécile
Chavepeyer I,Chavepeyer,I
Supervielle Jules,Supervielle,Jules
Su Dong Po,Su,Dong Po
Goytisolo José Augustin,Goytisolo,José Augustin
Ipcar Dahlov,Ipcar,Dahlov
Cazals Thierry,Cazals,Thierry
Voake Charlotte,Voake,Charlotte
Yi Gee Eun,Yi,Gee Eun
Roux Delphine,Roux,Delphine
Kaïteris Constantin,Kaïteris,Constantin
Cabaco Silvia L.,Cabaco,Silvia L.
Nessmann Philippe,Nessmann,Philippe
Simon Quitterie,Simon,Quitterie
Shingu Susumu,Shingu,Susumu
Crews Donald,Crews,Donald
Malnuit Françoise,Malnuit,Françoise
Bertrand Micheline,Bertrand,Micheline
Billiard Jean-Michel,Billiard,Jean-Michel
Mallard Marie-Constance,Mallard,Marie-Constance
Brière Joëlle,Brière,Joëlle
Henkes Kevin,Henkes,Kevin
Gibert Bruno,Gibert,Bruno
Garth Williams,Garth,Williams
Church Caroline Jayne,Church,Caroline Jayne
Devaux Stéfany,Devaux,Stéfany
Kalioujny Pauline,Kalioujny,Pauline
Cagnard Dominique,Cagnard,Dominique
Pigois Melissa,Pigois,Melissa
Alméras Arnaud,Alméras,Arnaud
Hale Nathan,Hale,Nathan
Lee Suzy,Lee,Suzy
Merleau-Ponty Claire,Merleau-Ponty,Claire
Mankour Mohamed,Mankour,Mohamed
Fetjö Raphaël,Fetjö,Raphaël
Guillon Camille,Guillon,Camille
Angelou Maya,Angelou,Maya
Bayard Michèle,Bayard,Michèle
Galvin Michel,Galvin,Michel
Thydell,Thydell,
Dumortier David,Dumortier,David
Blegvard E,Blegvard,E
Ollivier Mikaël,Ollivier,Mikaël
Seong-eun Kim,Seong-eun,Kim
Van Biesen Koen,Van,Biesen Koen
Prévot Franck,Prévot,Franck
Grelet Isabella,Grelet,Isabella
Gravel François,Gravel,François
Dodeller Sylvie,Dodeller,Sylvie
Peynot Patrick,Peynot,Patrick
Whelan Gloria,Whelan,Gloria
Lee Hyun-kyeong,Lee,Hyun-kyeong
Derouen Jean-Marc,Derouen,Jean-Marc
Diéterlé Nathalie,Diéterlé,Nathalie
Dieterlé Nathalie,Dieterlé,Nathalie
Zimet Ben,Zimet,Ben
Ehlert Lois,Ehlert,Lois
Barbeau Philippe,Barbeau,Philippe